{
    "location": "rtsp://admin:1q2w3e4r!@192.168.0.101:554/profile2/media.smp",
    "infer_size": [
        1280,
        720
    ],
    "conf_thres": 0.25,
    "scale_factor": 0.5,
    "pixel_size": 25,
    "roi": [
        [
            0.5872274143302181,
            0.16481994459833796
        ],
        [
            0.40031152647975077,
            0.15512465373961218
        ],
        [
            0.24610591900311526,
            0.17174515235457063
        ],
        [
            0.009345794392523364,
            0.2451523545706371
        ],
        [
            0.012461059190031152,
            0.4584487534626039
        ],
        [
            0.12461059190031153,
            0.42105263157894735
        ],
        [
            0.24299065420560748,
            0.4113573407202216
        ],
        [
            0.3808411214953271,
            0.41274238227146814
        ],
        [
            0.411214953271028,
            0.4224376731301939
        ],
        [
            0.40654205607476634,
            0.5498614958448753
        ],
        [
            0.45249221183800625,
            0.538781163434903
        ],
        [
            0.45560747663551404,
            0.37119113573407203
        ],
        [
            0.5093457943925234,
            0.3476454293628809
        ],
        [
            0.5264797507788161,
            0.3781163434903047
        ],
        [
            0.5202492211838006,
            0.4113573407202216
        ],
        [
            0.5124610591900312,
            0.5484764542936288
        ],
        [
            0.5280373831775701,
            0.5096952908587258
        ],
        [
            0.5373831775700935,
            0.5470914127423823
        ],
        [
            0.6105919003115264,
            0.5526315789473685
        ],
        [
            0.616822429906542,
            0.5
        ],
        [
            0.6066978193146417,
            0.46121883656509693
        ],
        [
            0.6214953271028038,
            0.3171745152354571
        ],
        [
            0.6378504672897196,
            0.314404432132964
        ],
        [
            0.7040498442367601,
            0.47229916897506924
        ],
        [
            0.6791277258566978,
            0.6772853185595568
        ],
        [
            0.7928348909657321,
            0.6648199445983379
        ],
        [
            0.8465732087227414,
            0.47368421052631576
        ],
        [
            0.7336448598130841,
            0.296398891966759
        ],
        [
            0.6230529595015576,
            0.27008310249307477
        ],
        [
            0.6051401869158879,
            0.16897506925207756
        ]
    ]
}